{"cameraMode":{"drawMode":0,"name":"Shaded","section":"Shading Mode"},"sceneLighting":true,"audioPlay":false,"sceneViewState":{"showFog":false,"showMaterialUpdate":false,"showSkybox":false,"showFlares":false,"showImageEffects":false,"showParticleSystems":false},"in2DMode":false,"pivot":{"x":21.77202796936035,"y":1.3362573385238648,"z":7.182003498077393},"rotation":{"x":-0.0017378400079905987,"y":0.9912211298942566,"z":-0.13160566985607148,"w":-0.013087674975395203},"size":5.53166389465332,"orthographic":false}